Category,Course
LANGUAGE,서바이벌 영어 초급 (3/2~)
LANGUAGE,OFFICE 서바이벌 영어 중급 (3/2~)
LANGUAGE,TECH 뉴스로 배우는 영어 (3/3~)
LANGUAGE,MEDIA로 배우는 영어 (3/3~)
LANGUAGE,FINANCE 뉴스로 배우는 영어 (3/4~)
LANGUAGE,ENGLISH BOOTCAMP (준비 중)
LANGUAGE,快速 중국어 초급 (준비 중)
LANGUAGE,소셜 중국어 중급 (준비 중)
LANGUAGE,비즈니스 중국어 고급 (준비 중)
프로그래밍,프론트엔드 실전 CAMP (3/2~)
프로그래밍,업무자동화를 위한 파이썬 입문 CAMP (3/2~)
프로그래밍,안드로이드 앱 개발 입문 CAMP (3/7~)
프로그래밍,프론트엔드 디자인 CAMP (3/8~)
프로그래밍,UNITY5 게임 제작 CAMP (3/12~)
프로그래밍,반응형 웹 디자인 CAMP (3/13~)
프로그래밍,Node.js 로 시작하는 웹 프로그래밍 캠프 (3/30~)
프로그래밍,소프트웨어 테스팅 CLASS (11/17~18)
프로그래밍,iOS 개발 중급 CAMP (11/25~)
프로그래밍,웹 서비스 개발 CAMP (1/30~)
프로그래밍,iOS 개발 입문 CAMP (1/31~)
프로그래밍,파이썬으로 시작하는 웹 프로그래밍 CAMP (2/3~)
프로그래밍,프론트엔드 프로그래밍 입문 CAMP (2/17 ~)
프로그래밍,개발자 취업/이직을 위한 알고리즘 CAMP (2/22~)
파이낸스,회계/경리/경영지원 실무역량 강화 CAMP (2/28~)
파이낸스,재무회계 원리 CAMP (2/28~)
파이낸스,금융 데이터 분석을 통한 투자 포트폴리오 만들기 CAMP (3/2~)
파이낸스,재무분석 실전 CAMP (3/3~)
파이낸스,밸류에이션 방법론 & 신사업 타당성 분석 CAMP (3/6~)
파이낸스,금융 데이터 분석 입문 CAMP (11/8~)
파이낸스,재무분석 CAMP (2/1~)
파이낸스,부동산 운용 전략 & 가치평가 CAMP (2/14~)
파이낸스,Financial Modeling CAMP (2/16~)
파이낸스,금융권 취업/이직을 위한 파이낸스 커리어 완성 CAMP
파이낸스,Finance 분야 전문가로의 성장을 위한 코스들
마케팅,마케터를 위한 데이터 분석 CAMP (3/3~)
마케팅,모바일 앱 마케팅 & 성과분석 CAMP (3/19~)
마케팅,소셜미디어 콘텐츠 제작 CAMP (3/19~)
마케팅,페이스북 마케팅 CLASS (3/24)
마케팅,모바일 마케팅 CAMP (1/5~)
마케팅,마케팅 전략 분석 CAMP (1/20~)
마케팅,마케터를 위한 글쓰기 CAMP (2/15~)
마케팅,디지털 마케팅 CAMP (2/25~)
마케팅,디지털 마케팅 전문가로의 성장을 위한 코스들
비즈니스,조직을 성장시키는 전략기획 실전 CAMP (3/12~)
비즈니스,외식경영 실전 전략 CAMP (3/19~)
비즈니스,엑셀로 하는 데이터 분석 CAMP (3/24~)
비즈니스,경영전략 CAMP (11/28~)
비즈니스,FAST MBA CAMP (12/15~)
비즈니스,M&A 입문 CAMP (1/3~)
비즈니스,M&A 실전 CAMP (1/31~)
비즈니스,병원 경영&마케팅 WORKSHOP (2/13~14)
비즈니스,내 사업 온라인으로 확장하기 CAMP (2/15~)
비즈니스,스타 MD의 성장공식을 배우는 머천다이징 CAMP (3/6~)
크리에이티브,BX 디자인 CAMP (3/5~)
크리에이티브,"UX디자인 입문 CLASS (3/12, 3/19)"
크리에이티브,디자이너를 위한 포트폴리오 CLASS (3/19~)
크리에이티브,모션 인포그래픽스 CAMP (3/22~)
크리에이티브,UX디자인 CAMP (9/30~)
크리에이티브,"픽토그램 브랜딩 CLASS (10/3, 10, 11)"
크리에이티브,모바일 앱디자인 CAMP (2/2~)
크리에이티브,스케치를 활용한 프로토타이핑 CLASS (2/13~)
스타트업,하드웨어 창업 CAMP x N15 (3/13~)
스타트업,쇼핑몰 성공사례 분석 CAMP (3/20~)
스타트업,O2O 서비스 전략 분석 CAMP (3/22~)
스타트업,스타트업 성장전략 & 문제해결 CAMP (준비 중)
스타트업,스타트업 투자유치 & EXIT 전략 CAMP (1/3~)
스타트업,스타트업 창업 CAMP x MARU180 (1/8~)
스타트업,성장하는 스타트업을 위한 코스들
데이터 사이언스,데이터분석 입문 CAMP (3/12~)
데이터 사이언스,온라인 서비스 적용을 위한 머신러닝 CAMP (3/12~)
데이터 사이언스,머신러닝 입문 CAMP (4/5~)
데이터 사이언스,파이썬을 활용한 데이터분석 CAMP (12/6~)
데이터 사이언스,텍스트마이닝 CAMP (1/14~)
데이터 사이언스,데이터 시각화 CAMP (2/14~)
데이터 사이언스,데이터 분석가로의 성장을 위한 코스들
