검색 키워드,블로그 제목,블로그 이름,블로그 주소
신사동 부동산,[신사동부동산] 세인파트너스 사무실인테리어 공사,강남부동산거래소,http://blog.naver.com/superb4u?Redirect=Log&logNo=220609408891
신사동 부동산,[신사동상가] 강남 대형스튜디오 사무실 추천,강남부동산거래소,http://blog.naver.com/superb4u?Redirect=Log&logNo=220630174339
신사동 부동산,강남구 신사동 상가 월세 5천/290만 - 가로수길 초입 [신사동부동산 - 신세계부동산],신세계 부동산,http://qstarq.blog.me/220624582269
신사동 원룸,신사동빌라 원룸 가로수길 축복하우스,(주)피플부동산&삼성2호점,http://blog.naver.com/people_vs?Redirect=Log&logNo=220622699549
신사동 원룸,신사동 원룸 풀옵션 압구정역 현대썬앤빌,(주)피플부동산&정효선,http://blog.naver.com/people_re?Redirect=Log&logNo=220619476080
신사동 원룸,강남구용달이사 강남원룸이사 논현동 신사동,☎ 1 6 7 0 - 9 9 8 6 친절이사,http://blog.daum.net/yk_6060/592589
신사동 오피스텔,신사역 오피스텔 샤르망s 신사동 전세,House Channel 02.566.2027,http://blog.daum.net/gangnamjeil/1391
신사동 오피스텔,신사동 압구정역 오피스텔 크레신타워 월세,아름다운 세상 TEL.02-555-4472 (24시간),http://blog.daum.net/arangsin/672
신사동 오피스텔,★은평구 신사동 오피스텔★ 응암역 정원탑오피스텔(복층형) 월세,"은평구 응암동 원룸, 오피스텔 월세 전세",http://blog.daum.net/heechul588/897
신사동 오피스텔,신사동 오피스텔 압구정역 현대썬앤빌,하우스마켓,http://blog.daum.net/gnhmk/1545
신사동 오피스텔,☆은평구 응암역 오피스텔☆ 은평구 신사동 복층오피스텔 월세 2000/40만원,"은평구 응암동 원룸, 오피스텔 월세 전세",http://blog.daum.net/heechul588/918
신사동 투룸,신사동신축빌라 투룸의 끝판왕!! 넓은거실,빌라세상♥,http://blog.naver.com/qwmirowqenro?Redirect=Log&logNo=220629960664
신사동 투룸,★응암역 부동산★ 은평구 신사동 투룸 빌라 전세 1억,"은평구 응암동 원룸, 오피스텔 월세 전세",http://blog.daum.net/heechul588/907
신사동 투룸,신사동신축빌라 응암역 투룸신혼집~!!,엘림주택에서 내 집마련~!,http://blog.naver.com/elimboo?Redirect=Log&logNo=220616002167
신사동 투룸,은평구 신사동 투룸 전세,dlwnstka003님의블로그,http://blog.naver.com/dlwnstka003?Redirect=Log&logNo=220616464434
신사동 방,신사동 신축빌라 방3개 엄청크다요,신축빌라♥story,http://blog.naver.com/hzhen70?Redirect=Log&logNo=220603274354
신사동 방,"신사동, 석향갤러리 몽우 조셉킴, 화가의 방",Hyang&Gallery Mirim,http://blog.naver.com/roffjflalfla?Redirect=Log&logNo=220333477991
신사동 방,가로수길 신사동 강남 원룸 넓은방,사무실서치,http://blog.naver.com/trust5480540?Redirect=Log&logNo=220386119815
신사동 방,신사동신축빌라 예쁜 쓰리룸 최고 ♭,내 집 마련의 꿈 로얄하우징에서 ♬,http://blog.naver.com/ejqmfzlf28?Redirect=Log&logNo=220619098317
신사동 방,신사동신축빌라 사랑스럽당>_<,돌아댕기기!,http://blog.naver.com/dfsg6lase2?Redirect=Log&logNo=220628903360
신사역 부동산,"서초구 잠원동 사무실, 상가 월세 4000/600만 - 신사역 출구앞 [신세계부동산]",신세계 부동산,http://qstarq.blog.me/220602994486
신사역 부동산,강남구 신사동 사무실 (상가가능) 월세 4천/250만 - 신사역 출구앞 [신세계부동산],신세계 부동산,http://qstarq.blog.me/220600804196
신사역 부동산,신사역 저렴한 신사동 강남 사무실 임대,사무실풍경 - 강남.서초사무실임대전문사이트,http://smspk2014.blog.me/220597051578
신사역 부동산,청담동 사무실 급매물 세련된 풀인테리어 신사역,벼리,http://blog.naver.com/soriege?Redirect=Log&logNo=220610612531
신사역 원룸,논현동 풀옵션 신사역 원룸 T3하우스,(주)피플부동산&삼성2호점,http://blog.naver.com/people_vs?Redirect=Log&logNo=220617536339
신사역 원룸,신사역 풀옵션 원룸 잠원동 그린홈,(주)피플부동산&삼성2호점,http://blog.naver.com/people_vs?Redirect=Log&logNo=220615479368
신사역 원룸,신사역 오피스텔 원룸 가로수길 여성추천,(주)피플부동산&삼성1호점,http://blog.naver.com/evermmorre?Redirect=Log&logNo=220613488498
신사역 원룸,신사역 원룸 단기임대 잠원동 그린빌딩,(주)피플부동산&삼성2호점,http://blog.naver.com/people_vs?Redirect=Log&logNo=220617190976
신사역 원룸,신사역 오피스텔 원룸 샤르망s 월세,아름다운 세상 TEL.02-555-4472 (24시간),http://blog.daum.net/arangsin/670
신사역 오피스텔,신사역 오피스텔 원룸 가로수길 여성추천,(주)피플부동산&삼성1호점,http://blog.naver.com/evermmorre?Redirect=Log&logNo=220613488498
신사역 오피스텔,잠원동오피스텔 신사역 풀옵션 크레신타워,(주)피플부동산&삼성2호점,http://blog.naver.com/people_vs?Redirect=Log&logNo=220618213225
신사역 오피스텔,신사역 오피스텔 샤르망s 신사동 전세,House Channel 02.566.2027,http://blog.daum.net/gangnamjeil/1391
압구정동 부동산,압구정동 부동산입니다,압구정 청담동 공인중개사 소수섭,http://blog.daum.net/ssoss3000/43
압구정동 부동산,압구정동아파트/압구정동고급아파트/압구정동부동산 인터넷114공인중개사/압구정하이츠파크82평매물정보,압구정부동산정보센터,http://blog.naver.com/hwa1457?Redirect=Log&logNo=220386219362
압구정동 부동산,"압구정동재건축한양아파트/압구정동부동산/압구정동재건축/압구정동아파트매매전세월세/압구정동한양1차27평전세42,000만원",압구정부동산정보센터,http://blog.naver.com/hwa1457?Redirect=Log&logNo=220365166464
압구정동 부동산,[◆◆압구정동 한양아파트 강추 월세◆◆]2013년 7월 첫째주 강추 월세(우리부동산 541-4321),"♥♥압구정동 한양,현대아파트 전문 우리부동산♥♥",http://blog.naver.com/romeo2201?Redirect=Log&logNo=150171356175
압구정동 부동산,"""집값 오를 것... 1년내 부동산 살 의향 있다"" 압구정동 현대아파트 매매가는?",압구정동 NO.1 공인중개사 '압구정지기'입니다.,http://blog.naver.com/5444949?Redirect=Log&logNo=220491051453
압구정동 오피스텔,청담역 및 압구정동 오피스텔 신축 푸르지오시티 월세,아름다운 세상 TEL.02-555-4472 (24시간),http://blog.daum.net/arangsin/476
압구정동 오피스텔,急)신사역 오피스텔 압구정동 단기임대 이용가능한 월세,아름다운 세상 TEL.02-555-4472 (24시간),http://blog.daum.net/arangsin/343
압구정동 오피스텔,[신사역 오피스텔] 크레신타워 월세 / 압구정동 오피스텔,아름다운 세상 TEL.02-555-4472 (24시간),http://blog.daum.net/arangsin/32
압구정동 오피스텔,개포동 이사짐센타@청담동 원룸이사@압구정동 오피스텔이사,빠른용달/소형이사(010-8000-2424),http://blog.daum.net/jbhtr/523
압구정동 방,압구정동 아이방 우드블라인드로 산뜻한 새학기 시작 ~,준앤컴파니,http://blog.naver.com/junid166?Redirect=Log&logNo=120210153193
압구정동 방,한강변 재건축 아파트 최고의 투자처. 압구정동 현대아파트 매매(구현대아파트) 거래 매물,압구정동 NO.1 공인중개사 '압구정지기'입니다.,http://blog.naver.com/5444949?Redirect=Log&logNo=220612384344
압구정동 방,"[압구정이야기] 압구정동 구현대아파트 5차 71동,72동",압구정의 모든 이야기는 여기로!,http://blog.naver.com/y5181900?Redirect=Log&logNo=220624749020
압구정동 방,"압구정동 현대아파트 매매(신현대 아파트) 완료, 압구정동 현대아파트 재건축 투자유망 단지",압구정동 NO.1 공인중개사 '압구정지기'입니다.,http://blog.naver.com/5444949?Redirect=Log&logNo=220598655500
압구정동 방,거래완료) 압구정동 한강변 재건축 아파트 단지. 압구정 현대아파트 매매(신현대 아파트),압구정동 NO.1 공인중개사 '압구정지기'입니다.,http://blog.naver.com/5444949?Redirect=Log&logNo=220581932677
압구정역 부동산,강남 압구정역 빌딩 매매-돈부동산 추천매물입니다.,DoneRealty님의블로그,http://blog.naver.com/donerealty?Redirect=Log&logNo=220426318726
압구정역 부동산,강남 사무실 압구정역에서 5분,벼리,http://blog.naver.com/soriege?Redirect=Log&logNo=220614450356
압구정역 부동산,신사동 압구정역 학원자리 30평 임대,(주)피플부동산&삼성2호점,http://blog.naver.com/people_vs?Redirect=Log&logNo=220626775452
압구정역 부동산,신사동 상가 압구정역 옷가게 1층,VIP LOUNGE 7945,http://blog.naver.com/vlvmf012?Redirect=Log&logNo=220629619126
압구정역 부동산,압구정역 오피스 가로수길 인근 4층 임대,VIP LOUNGE 7945,http://blog.naver.com/vlvmf012?Redirect=Log&logNo=220628888461
압구정역 원룸,신사동 원룸 풀옵션 압구정역 현대썬앤빌,(주)피플부동산&정효선,http://blog.naver.com/people_re?Redirect=Log&logNo=220619476080
압구정역 원룸,신사동 원룸 압구정역 풀옵션 하우스테디베어,(주)피플부동산&삼성1호점,http://blog.naver.com/evermmorre?Redirect=Log&logNo=220549021017
압구정역 원룸,신사동 원룸 월세 압구정역 하우스테디베어,(주)피플부동산&최연호,http://blog.naver.com/uppdb?Redirect=Log&logNo=220598517114
압구정역 원룸,강남 신사동 압구정역 정보학원 인근 풀옵션 빌트인 원룸월세 / (압구정역원룸_11529),압구정_메디_에듀******,http://blog.naver.com/myidok?Redirect=Log&logNo=220553454621
압구정역 원룸,신사역 원룸 3호선 역세권 압구정역 빌라,House Channel 02.566.2027,http://blog.daum.net/gangnamjeil/959
압구정역 오피스텔,신사동 압구정역 오피스텔 크레신타워 월세,아름다운 세상 TEL.02-555-4472 (24시간),http://blog.daum.net/arangsin/672
압구정역 오피스텔,신사동 오피스텔 압구정역 현대썬앤빌,하우스마켓,http://blog.daum.net/gnhmk/1545
압구정역 오피스텔,압구정역 오피스텔 신축 신사동 현대썬앤빌 :-),리얼하우스,http://blog.daum.net/jeil6147/592
압구정역 오피스텔,압구정역 오피스텔 신축 신사동 현대썬앤빌,House Channel 02.566.2027,http://blog.daum.net/gangnamjeil/1121
압구정역 방,"압구정역 타로카페(신사동 가로수길 근처) '타로블라썸'(타로점,꽃점,레노먼드)",★냐옹이&베르 집사 허스키★,http://blog.naver.com/seenan?Redirect=Log&logNo=220630079004
압구정역 방,"압구정역 옛날농장, 커피빈, 오피스텔 방구하기?",le choix avec de la mode francaise,http://lechoix90.blog.me/120210555217
압구정역 방,압구정역 마사지 - 힐링타임,The 재미있게 살기,http://blog.naver.com/apexism?Redirect=Log&logNo=220603944672
압구정역 방,신사동 풀옵션 - 3호선 압구정역 원룸풀옵션 RENT / 2012년 신축 .실제 방,강남다방(多 BANG) 서초다방(多 BANG),http://blog.naver.com/kkamanae2?Redirect=Log&logNo=220358609172
압구정역 방,신사동 풀옵션 원룸.투룸 단기렌트 - 3호선 압구정역 풀옵션 RENT / 투룸 170만원. 실제 매물.실제 방,강남다방(多 BANG) 서초다방(多 BANG),http://blog.naver.com/kkamanae2?Redirect=Log&logNo=220358600239
가로수길 부동산,"[흑석동아파트,흑석동부동산,사진갤러리]영월 가로수길~?? ㅎ",한강공인-흑석동(02-817-4411),http://blog.naver.com/hjs6533?Redirect=Log&logNo=220616303995
가로수길 부동산,강남구 신사동 상가 월세 5천/290만 - 가로수길 초입 [신사동부동산 - 신세계부동산],신세계 부동산,http://qstarq.blog.me/220624582269
가로수길 부동산,메르스사태 종식선언 후 신사동가로수길 부동산 거래량 상승중,강남구 매물정보 NO.1 명가부동산,http://blog.naver.com/1yyjaewoos?Redirect=Log&logNo=220447520297
가로수길 부동산,［프리메라 신사동 가로수길］에 팝업스토어...압구정 청담동부동산 소수섭..,압구정 청담동 공인중개사 소수섭,http://blog.daum.net/ssoss3000/436
가로수길 부동산,"강남구 신사동 사무실, 상가 월세 1억/750만 - 압구정역, 가로수길 인접 [신사동부동산 - 신세계공인중개사 사무소]",신세계 부동산,http://qstarq.blog.me/220615240638
가로수길 원룸,신사동빌라 원룸 가로수길 축복하우스,(주)피플부동산&삼성2호점,http://blog.naver.com/people_vs?Redirect=Log&logNo=220622699549
가로수길 원룸,신사역 오피스텔 원룸 가로수길 여성추천,(주)피플부동산&삼성1호점,http://blog.naver.com/evermmorre?Redirect=Log&logNo=220613488498
가로수길 원룸,논현동 원룸 가로수길 빌라 T3하우스,(주)피플부동산&최연호,http://blog.naver.com/uppdb?Redirect=Log&logNo=220608134940
가로수길 원룸,풀옵션를 갖춘 가로수길원룸 500/100만원,부동산으로 1조 부자 되기,http://blog.naver.com/sjcho202?Redirect=Log&logNo=220457558735
가로수길 원룸,[강남 신사동 가로수길 원룸] 깔끔한 구조로 화사한 내부,▶신화부동산◀,http://blog.naver.com/cosmeticize?Redirect=Log&logNo=220478710085
가로수길 오피스텔,신사역 오피스텔 원룸 가로수길 여성추천,(주)피플부동산&삼성1호점,http://blog.naver.com/evermmorre?Redirect=Log&logNo=220613488498
가로수길 오피스텔,논현동] 가로수길 인근 38평형 세양오피스텔 임대,강남부동산거래소,http://blog.naver.com/superb4u?Redirect=Log&logNo=220494384507
가로수길 오피스텔,가로수길 오피스텔경매 [강남구 논현동 세양에이팩스타워],경매전문공인중개사 장중향팀장,http://blog.naver.com/5925jang?Redirect=Log&logNo=220537995385
가로수길 오피스텔,신사동 가로수길 오피스텔 신축 HANDMADE,"010-2412-9879 (24시간 문의) 日本語,ENGLISH",http://blog.naver.com/gmountain7?Redirect=Log&logNo=220250304695
가로수길 오피스텔,신사동 가로수길 오피스텔 전세,True house 02. 566. 2027,http://blog.daum.net/starlhj1/1124
가로수길 투룸,가로수길 투룸 반월세 신사동 투룸 반월세 1억4천/20!! 보세요~,강남신사동 가로수길 전문 대표:하순자의 블로그^^,http://blog.naver.com/yhjgreat?Redirect=Log&logNo=220557504693
가로수길 투룸,"강남투룸전세,가로수길 투룸전세,세로수길투룸전세,가로수길빌라전세,신사역전세,압구정전세","강남,압구정,신사동 부동산의 모든것",http://blog.naver.com/kahmater?Redirect=Log&logNo=220614877824
가로수길 투룸,신사동 투룸전세 가로수길 투룸전세 귀한 투룸전세 리모델링한 깔끔한 방있습니다!!,강남신사동 가로수길 전문 대표:하순자의 블로그^^,http://blog.naver.com/yhjgreat?Redirect=Log&logNo=220605575843
가로수길 투룸,가로수길투룸전세 신사동투룸전세 강남투룸전세!! 2억2천 있습니다~~,강남신사동 가로수길 전문 대표:하순자의 블로그^^,http://blog.naver.com/yhjgreat?Redirect=Log&logNo=220558751762
가로수길 방,[서울 단체 숙소] 신사역 가로수길 근처 방4개 욕실2개의 저렴한 숙소입니다~,"BnBHero[비앤비히어로]:Smart,Unique and Local stay",http://bnbhero.blog.me/220538122733
가로수길 방,AXOO / 아티스트 에이전시 / 악수 / COLLECTOR`S ROOM / 수집가의 방 / 가로수길 / Jazzy Mars / ABANG / 한재열,정9999,http://dhwjddms7323.blog.me/10182199349
가로수길 방,신사동 원룸 - 2013년 반전세 원룸. 풀옵션 복층/ 3호선 압구정역 ~3호선 신사역. 가로수길 / 실제 방,강남다방(多 BANG) 서초다방(多 BANG),http://blog.naver.com/kkamanae2?Redirect=Log&logNo=220358629482
가로수길 방,리빙셀렉트 샵 SOP : 아이방꾸미기 가로수길 인테리어샵,기분 좋은 느낌을 풍기는 여자,http://blog.naver.com/ham321?Redirect=Log&logNo=150184909692
가로수길 방,2015.05.21<ARTC X PAGETURNER 가로수길 음악가의 방>,EunJu Jung,http://blog.naver.com/redgrace76?Redirect=Log&logNo=220376414376
